>>>> drop table if exists table_from;
>>>> drop table if exists table_from2;
>>>> drop table if exists table_to;
>>>> drop table if exists table_to2;
>>>> create table table_from(a int) 's3://testbucket/admin/data/' connection=(access_key_id ='minioadmin' secret_access_key ='minioadmin' endpoint_url='http://127.0.0.1:9900');
>>>> drop connection if exists my_conn;
>>>> create connection my_conn storage_type = 's3' access_key_id ='minioadmin' secret_access_key ='minioadmin' endpoint_url='http://127.0.0.1:9900'
>>>> insert into table_from(a) values(0)
1
>>>> insert into table_from(a) values(1)
1
>>>> insert into table_from(a) values(2)
1
#### attaching table
#### select attach table
>>>> select * from table_to order by a;
0
1
2
<<<<
#### select attach table from system.tables
>>>> select is_attach from system.tables where name = 'table_to';
ATTACH
<<<<
#### select attach table with self-defined connection
>>>> select * from table_to2 order by a;
0
1
2
<<<<
#### delete should fail
>>>> delete from table_to where a=1;
Error: APIError: QueryFailed: [3905]Modification not permitted: Table 'table_to' is READ ONLY, preventing any changes or updates.
<<<<
#### select after deletion
>>>> select * from table_to order by a;
0
1
2
<<<<
#### select after deletion with self-defined connection
>>>> select * from table_to2 order by a;
0
1
2
<<<<
>>>> drop connection my_conn;
>>>> drop table if exists table_from;
>>>> drop table if exists table_from2;
>>>> drop table if exists table_to;
>>>> drop table if exists table_to2;
